Feature,Sensitivity_Hz_per_percent,Intercept_Hz,R2,NoiseFloor_Hz,LOD_percent
R_peak,1520.93049712791,10009119.4619996,0.977118781097289,42.8278468456112,0.0844769309179211
X1_peak,2249.60494661475,10004019.2318457,0.998474119223245,70.9244466411109,0.0945825355885343
B_peak,2276.40281615361,10003345.5981256,0.99868710203886,77.6762175849492,0.102367055207123
