Feature,Sensitivity_Hz_per_percent,Intercept_Hz,R2,NoiseFloor_Hz,LOD_percent
R_peak,1534.01034070498,10009082.526501,0.977026816185807,157.792903229194,0.308588995215008
X1_peak,2294.7818803054,10003961.9475113,0.997095488857794,292.088895834743,0.381851841791434
G_peak,-4.0597168738683e-05,0.000781300190482523,0.328612302165231,0.000422239623051608,31.2021480440785
