Method,LOD_percent
R_peak (univariate),0.133799630165783
X1_peak (univariate),0.150963081529031
B_peak (univariate),0.159091151644876
PCR (multivariate),0.202856245805331
