Method,LOD_percent
R_peak (univariate),0.0844769309179211
X1_peak (univariate),0.0945825355885343
B_peak (univariate),0.102367055207123
PCR (multivariate),0.202856245805331
