PCR_RMSE_percent,PCR_R2
0.067618748601777,0.987530104102354
