Feature,VIF
R_peak,511544.608608417
X1_peak,143771.252754869
X2_peak,3542.326790581
Z_abs_peak,7037.52310924425
Phase_peak,626678.707306856
Y_abs_peak,203385.39294763
G_peak,6.53990515302837
B_peak,29529.2601338018
