PCR_RMSE_percent,PCR_R2
0.14447152579522,0.94307630427564
