Feature,VIF
R_peak,216877.058718743
X1_peak,445320.044824529
X2_peak,23352.0455945702
Z_abs_peak,31481.1702295062
Phase_peak,107640.042252941
Y_abs_peak,366886.594058099
G_peak,2904.85070845076
B_peak,82997.5293518216
